{
  "minecraft": {
    "version": "1.18.1",
    "modLoaders": [
      {
        "id": "fabric-0.12.12",
        "primary": true
      }
    ]
  },
  "manifestType": "minecraftModpack",
  "manifestVersion": 1,
  "name": "Better Minecraft [FABRIC]",
  "version": "v11",
  "author": "SharkieLPS",
  "files": [
    {
      "projectID": 555149,
      "fileID": 3578516,
      "required": true
    },
    {
      "projectID": 504899,
      "fileID": 3546240,
      "required": true
    },
    {
      "projectID": 424480,
      "fileID": 3596055,
      "required": true
    },
    {
      "projectID": 473632,
      "fileID": 3581211,
      "required": true
    },
    {
      "projectID": 443476,
      "fileID": 3538607,
      "required": true
    },
    {
      "projectID": 547358,
      "fileID": 3566721,
      "required": true
    },
    {
      "projectID": 521673,
      "fileID": 3599391,
      "required": true
    },
    {
      "projectID": 390991,
      "fileID": 3595812,
      "required": true
    },
    {
      "projectID": 393236,
      "fileID": 3594392,
      "required": true
    },
    {
      "projectID": 531744,
      "fileID": 3548492,
      "required": true
    },
    {
      "projectID": 515000,
      "fileID": 3570654,
      "required": true
    },
    {
      "projectID": 380969,
      "fileID": 3546801,
      "required": true
    },
    {
      "projectID": 482621,
      "fileID": 3578842,
      "required": true
    },
    {
      "projectID": 431239,
      "fileID": 3603651,
      "required": true
    },
    {
      "projectID": 531783,
      "fileID": 3566189,
      "required": true
    },
    {
      "projectID": 551894,
      "fileID": 3569379,
      "required": true
    },
    {
      "projectID": 547429,
      "fileID": 3583447,
      "required": true
    },
    {
      "projectID": 357540,
      "fileID": 3545928,
      "required": true
    },
    {
      "projectID": 547434,
      "fileID": 3600918,
      "required": true
    },
    {
      "projectID": 500525,
      "fileID": 3584834,
      "required": true
    },
    {
      "projectID": 433518,
      "fileID": 3209972,
      "required": true
    },
    {
      "projectID": 499425,
      "fileID": 3546566,
      "required": true
    },
    {
      "projectID": 395547,
      "fileID": 3553494,
      "required": true
    },
    {
      "projectID": 460336,
      "fileID": 3561773,
      "required": true
    },
    {
      "projectID": 547471,
      "fileID": 3580168,
      "required": true
    },
    {
      "projectID": 547472,
      "fileID": 3569713,
      "required": true
    },
    {
      "projectID": 432421,
      "fileID": 3558774,
      "required": true
    },
    {
      "projectID": 280510,
      "fileID": 3573453,
      "required": true
    },
    {
      "projectID": 433539,
      "fileID": 3551346,
      "required": true
    },
    {
      "projectID": 547474,
      "fileID": 3562317,
      "required": true
    },
    {
      "projectID": 511733,
      "fileID": 3565223,
      "required": true
    },
    {
      "projectID": 445838,
      "fileID": 3580552,
      "required": true
    },
    {
      "projectID": 416796,
      "fileID": 3600642,
      "required": true
    },
    {
      "projectID": 416797,
      "fileID": 3593183,
      "required": true
    },
    {
      "projectID": 239197,
      "fileID": 3604959,
      "required": true
    },
    {
      "projectID": 548608,
      "fileID": 3568753,
      "required": true
    },
    {
      "projectID": 372124,
      "fileID": 3573395,
      "required": true
    },
    {
      "projectID": 472657,
      "fileID": 3601594,
      "required": true
    },
    {
      "projectID": 394468,
      "fileID": 3542074,
      "required": true
    },
    {
      "projectID": 430219,
      "fileID": 3598915,
      "required": true
    },
    {
      "projectID": 442509,
      "fileID": 3570346,
      "required": true
    },
    {
      "projectID": 486080,
      "fileID": 3577293,
      "required": true
    },
    {
      "projectID": 250398,
      "fileID": 3599013,
      "required": true
    },
    {
      "projectID": 390027,
      "fileID": 3568159,
      "required": true
    },
    {
      "projectID": 533006,
      "fileID": 3594396,
      "required": true
    },
    {
      "projectID": 403434,
      "fileID": 3562510,
      "required": true
    },
    {
      "projectID": 551999,
      "fileID": 3564149,
      "required": true
    },
    {
      "projectID": 496150,
      "fileID": 3603579,
      "required": true
    },
    {
      "projectID": 250419,
      "fileID": 3601864,
      "required": true
    },
    {
      "projectID": 331965,
      "fileID": 3554179,
      "required": true
    },
    {
      "projectID": 544197,
      "fileID": 3559945,
      "required": true
    },
    {
      "projectID": 511812,
      "fileID": 3585265,
      "required": true
    },
    {
      "projectID": 413523,
      "fileID": 3540833,
      "required": true
    },
    {
      "projectID": 515172,
      "fileID": 3556836,
      "required": true
    },
    {
      "projectID": 530816,
      "fileID": 3549361,
      "required": true
    },
    {
      "projectID": 443694,
      "fileID": 3542569,
      "required": true
    },
    {
      "projectID": 554277,
      "fileID": 3562352,
      "required": true
    },
    {
      "projectID": 354339,
      "fileID": 3586547,
      "required": true
    },
    {
      "projectID": 397903,
      "fileID": 3567467,
      "required": true
    },
    {
      "projectID": 292908,
      "fileID": 3542673,
      "required": true
    },
    {
      "projectID": 393442,
      "fileID": 3541670,
      "required": true
    },
    {
      "projectID": 548708,
      "fileID": 3562314,
      "required": true
    },
    {
      "projectID": 396826,
      "fileID": 3550445,
      "required": true
    },
    {
      "projectID": 422527,
      "fileID": 3586429,
      "required": true
    },
    {
      "projectID": 413596,
      "fileID": 3585311,
      "required": true
    },
    {
      "projectID": 448233,
      "fileID": 3523465,
      "required": true
    },
    {
      "projectID": 508556,
      "fileID": 3555370,
      "required": true
    },
    {
      "projectID": 376753,
      "fileID": 3558778,
      "required": true
    },
    {
      "projectID": 390168,
      "fileID": 3527187,
      "required": true
    },
    {
      "projectID": 497405,
      "fileID": 3593471,
      "required": true
    },
    {
      "projectID": 557735,
      "fileID": 3599646,
      "required": true
    },
    {
      "projectID": 487364,
      "fileID": 3538545,
      "required": true
    },
    {
      "projectID": 289658,
      "fileID": 3549605,
      "required": true
    },
    {
      "projectID": 495191,
      "fileID": 3604611,
      "required": true
    },
    {
      "projectID": 409184,
      "fileID": 3545495,
      "required": true
    },
    {
      "projectID": 547692,
      "fileID": 3549496,
      "required": true
    },
    {
      "projectID": 547695,
      "fileID": 3549467,
      "required": true
    },
    {
      "projectID": 394667,
      "fileID": 3541865,
      "required": true
    },
    {
      "projectID": 398022,
      "fileID": 3542176,
      "required": true
    },
    {
      "projectID": 537653,
      "fileID": 3543388,
      "required": true
    },
    {
      "projectID": 355583,
      "fileID": 3329360,
      "required": true
    },
    {
      "projectID": 546590,
      "fileID": 3597726,
      "required": true
    },
    {
      "projectID": 552176,
      "fileID": 3550743,
      "required": true
    },
    {
      "projectID": 393563,
      "fileID": 3548709,
      "required": true
    },
    {
      "projectID": 335493,
      "fileID": 3497287,
      "required": true
    },
    {
      "projectID": 513100,
      "fileID": 3601687,
      "required": true
    },
    {
      "projectID": 364540,
      "fileID": 3558448,
      "required": true
    },
    {
      "projectID": 430445,
      "fileID": 3578859,
      "required": true
    },
    {
      "projectID": 456137,
      "fileID": 3556602,
      "required": true
    },
    {
      "projectID": 252848,
      "fileID": 3569968,
      "required": true
    },
    {
      "projectID": 459496,
      "fileID": 3542434,
      "required": true
    },
    {
      "projectID": 308702,
      "fileID": 3570652,
      "required": true
    },
    {
      "projectID": 408118,
      "fileID": 3578180,
      "required": true
    },
    {
      "projectID": 391366,
      "fileID": 3591436,
      "required": true
    },
    {
      "projectID": 325471,
      "fileID": 3595625,
      "required": true
    },
    {
      "projectID": 506426,
      "fileID": 3602767,
      "required": true
    },
    {
      "projectID": 491911,
      "fileID": 3562558,
      "required": true
    },
    {
      "projectID": 400322,
      "fileID": 3584355,
      "required": true
    },
    {
      "projectID": 496392,
      "fileID": 3551471,
      "required": true
    },
    {
      "projectID": 534373,
      "fileID": 3543200,
      "required": true
    },
    {
      "projectID": 490812,
      "fileID": 3601093,
      "required": true
    },
    {
      "projectID": 469594,
      "fileID": 3590909,
      "required": true
    },
    {
      "projectID": 508696,
      "fileID": 3567469,
      "required": true
    },
    {
      "projectID": 560091,
      "fileID": 3579695,
      "required": true
    },
    {
      "projectID": 308769,
      "fileID": 3573712,
      "required": true
    },
    {
      "projectID": 536648,
      "fileID": 3585353,
      "required": true
    },
    {
      "projectID": 446173,
      "fileID": 3555753,
      "required": true
    },
    {
      "projectID": 438365,
      "fileID": 3553218,
      "required": true
    },
    {
      "projectID": 517702,
      "fileID": 3541426,
      "required": true
    },
    {
      "projectID": 435044,
      "fileID": 3581979,
      "required": true
    },
    {
      "projectID": 399309,
      "fileID": 3575028,
      "required": true
    },
    {
      "projectID": 454052,
      "fileID": 3548585,
      "required": true
    },
    {
      "projectID": 391502,
      "fileID": 3538150,
      "required": true
    },
    {
      "projectID": 317780,
      "fileID": 3599516,
      "required": true
    },
    {
      "projectID": 306612,
      "fileID": 3595229,
      "required": true
    },
    {
      "projectID": 411621,
      "fileID": 3543532,
      "required": true
    },
    {
      "projectID": 388172,
      "fileID": 3604767,
      "required": true
    },
    {
      "projectID": 325625,
      "fileID": 3570596,
      "required": true
    },
    {
      "projectID": 353554,
      "fileID": 3598573,
      "required": true
    },
    {
      "projectID": 549031,
      "fileID": 3591830,
      "required": true
    },
    {
      "projectID": 341284,
      "fileID": 3542826,
      "required": true
    },
    {
      "projectID": 521126,
      "fileID": 3585609,
      "required": true
    },
    {
      "projectID": 486505,
      "fileID": 3580009,
      "required": true
    },
    {
      "projectID": 498797,
      "fileID": 3590362,
      "required": true
    },
    {
      "projectID": 407206,
      "fileID": 3570678,
      "required": true
    },
    {
      "projectID": 402739,
      "fileID": 3592327,
      "required": true
    },
    {
      "projectID": 362528,
      "fileID": 3593494,
      "required": true
    },
    {
      "projectID": 495453,
      "fileID": 3515755,
      "required": true
    },
    {
      "projectID": 546841,
      "fileID": 3549371,
      "required": true
    },
    {
      "projectID": 438495,
      "fileID": 3598889,
      "required": true
    },
    {
      "projectID": 438496,
      "fileID": 3596441,
      "required": true
    },
    {
      "projectID": 438497,
      "fileID": 3596306,
      "required": true
    },
    {
      "projectID": 463073,
      "fileID": 3564793,
      "required": true
    },
    {
      "projectID": 438500,
      "fileID": 3596361,
      "required": true
    },
    {
      "projectID": 489884,
      "fileID": 3575058,
      "required": true
    },
    {
      "projectID": 369254,
      "fileID": 3557005,
      "required": true
    },
    {
      "projectID": 401648,
      "fileID": 3551264,
      "required": true
    },
    {
      "projectID": 312289,
      "fileID": 3579286,
      "required": true
    },
    {
      "projectID": 514468,
      "fileID": 3561672,
      "required": true
    },
    {
      "projectID": 388252,
      "fileID": 3602385,
      "required": true
    },
    {
      "projectID": 351393,
      "fileID": 3551503,
      "required": true
    },
    {
      "projectID": 431823,
      "fileID": 3568648,
      "required": true
    },
    {
      "projectID": 560280,
      "fileID": 3596990,
      "required": true
    },
    {
      "projectID": 465336,
      "fileID": 3540934,
      "required": true
    },
    {
      "projectID": 377109,
      "fileID": 3586533,
      "required": true
    },
    {
      "projectID": 551364,
      "fileID": 3600001,
      "required": true
    },
    {
      "projectID": 541329,
      "fileID": 3595493,
      "required": true
    },
    {
      "projectID": 314579,
      "fileID": 3600898,
      "required": true
    },
    {
      "projectID": 310111,
      "fileID": 3603234,
      "required": true
    },
    {
      "projectID": 560323,
      "fileID": 3580120,
      "required": true
    },
    {
      "projectID": 319057,
      "fileID": 3559638,
      "required": true
    },
    {
      "projectID": 252042,
      "fileID": 3604673,
      "required": true
    },
    {
      "projectID": 538011,
      "fileID": 3594300,
      "required": true
    },
    {
      "projectID": 545836,
      "fileID": 3542221,
      "required": true
    },
    {
      "projectID": 431910,
      "fileID": 3546270,
      "required": true
    },
    {
      "projectID": 320215,
      "fileID": 3584469,
      "required": true
    },
    {
      "projectID": 416283,
      "fileID": 3547921,
      "required": true
    },
    {
      "projectID": 411816,
      "fileID": 3596443,
      "required": true
    },
    {
      "projectID": 360438,
      "fileID": 3590908,
      "required": true
    },
    {
      "projectID": 567086,
      "fileID": 3605337,
      "required": true
    },
    {
      "projectID": 459857,
      "fileID": 3550048,
      "required": true
    },
    {
      "projectID": 531351,
      "fileID": 3549420,
      "required": true
    },
    {
      "projectID": 421890,
      "fileID": 3544663,
      "required": true
    },
    {
      "projectID": 361579,
      "fileID": 3591173,
      "required": true
    },
    {
      "projectID": 419697,
      "fileID": 3587337,
      "required": true
    },
    {
      "projectID": 560441,
      "fileID": 3587628,
      "required": true
    },
    {
      "projectID": 398502,
      "fileID": 3544922,
      "required": true
    },
    {
      "projectID": 311377,
      "fileID": 3575550,
      "required": true
    },
    {
      "projectID": 377281,
      "fileID": 3582609,
      "required": true
    },
    {
      "projectID": 416379,
      "fileID": 3550878,
      "required": true
    },
    {
      "projectID": 552655,
      "fileID": 3569598,
      "required": true
    },
    {
      "projectID": 417510,
      "fileID": 3603913,
      "required": true
    },
    {
      "projectID": 380649,
      "fileID": 3544625,
      "required": true
    },
    {
      "projectID": 494585,
      "fileID": 3604845,
      "required": true
    },
    {
      "projectID": 447673,
      "fileID": 3542997,
      "required": true
    },
    {
      "projectID": 440979,
      "fileID": 3594970,
      "required": true
    },
    {
      "projectID": 366140,
      "fileID": 3551560,
      "required": true
    },
    {
      "projectID": 416406,
      "fileID": 3133167,
      "required": true
    },
    {
      "projectID": 486778,
      "fileID": 3555653,
      "required": true
    },
    {
      "projectID": 60089,
      "fileID": 3601896,
      "required": true
    },
    {
      "projectID": 455508,
      "fileID": 3596182,
      "required": true
    },
    {
      "projectID": 397434,
      "fileID": 3604804,
      "required": true
    },
    {
      "projectID": 520310,
      "fileID": 3541361,
      "required": true
    },
    {
      "projectID": 549363,
      "fileID": 3603635,
      "required": true
    },
    {
      "projectID": 527023,
      "fileID": 3543941,
      "required": true
    },
    {
      "projectID": 532610,
      "fileID": 3591891,
      "required": true
    },
    {
      "projectID": 256717,
      "fileID": 3575673,
      "required": true
    },
    {
      "projectID": 363949,
      "fileID": 3604420,
      "required": true
    },
    {
      "projectID": 263420,
      "fileID": 3599501,
      "required": true
    },
    {
      "projectID": 544912,
      "fileID": 3594863,
      "required": true
    },
    {
      "projectID": 357256,
      "fileID": 3585804,
      "required": true
    },
    {
      "projectID": 541578,
      "fileID": 3549393,
      "required": true
    },
    {
      "projectID": 549404,
      "fileID": 3581428,
      "required": true
    },
    {
      "projectID": 521480,
      "fileID": 3541751,
      "required": true
    },
    {
      "projectID": 410902,
      "fileID": 3575744,
      "required": true
    },
    {
      "projectID": 437712,
      "fileID": 3546375,
      "required": true
    },
    {
      "projectID": 496913,
      "fileID": 3597733,
      "required": true
    },
    {
      "projectID": 455585,
      "fileID": 3596570,
      "required": true
    },
    {
      "projectID": 513688,
      "fileID": 3604116,
      "required": true
    },
    {
      "projectID": 539382,
      "fileID": 3597368,
      "required": true
    },
    {
      "projectID": 526011,
      "fileID": 3600139,
      "required": true
    },
    {
      "projectID": 423254,
      "fileID": 3509388,
      "required": true
    },
    {
      "projectID": 415438,
      "fileID": 3590391,
      "required": true
    },
    {
      "projectID": 437779,
      "fileID": 3578820,
      "required": true
    },
    {
      "projectID": 494751,
      "fileID": 3591106,
      "required": true
    },
    {
      "projectID": 501456,
      "fileID": 3477938,
      "required": true
    },
    {
      "projectID": 560657,
      "fileID": 3586503,
      "required": true
    },
    {
      "projectID": 349559,
      "fileID": 3604824,
      "required": true
    },
    {
      "projectID": 473553,
      "fileID": 3580315,
      "required": true
    },
    {
      "projectID": 354047,
      "fileID": 3538853,
      "required": true
    },
    {
      "projectID": 486971,
      "fileID": 3543534,
      "required": true
    },
    {
      "projectID": 393149,
      "fileID": 3578817,
      "required": true
    },
    {
      "projectID": 431135,
      "fileID": 3561290,
      "required": true
    },
    {
      "projectID": 428912,
      "fileID": 3559150,
      "required": true
    }
  ],
  "overrides": "overrides"
}